,,General,,,,Scope,,,Dates,,,,Controls,
Title,Organisation Type,Security,Information Classification,Audience,Scope,Purpose,Description,Policy Creation Date,Expiry Date,Expected Publish Date,Review Within Date,Main Heading,Sub Heading ,Description
New Policy,Computer Industry,Internal,Confidential,People,New Policy,New Policy,New Policy,2018-12-12,2020-12-12,2018-12-30,2018-12-25,New Policy,New Policy,New Policy
,,, ,,,,,,,,,,,
,,, ,,,,,,,,,,,
,,, ,,,,,,,,,,,
,,, ,,,,,,,,,,,
,,, ,,,,,,,,,,,
,,, ,,,,,,,,,,,
,,, ,,,,,,,,,,,
